epoch,num_seeds,train_loss_mean,train_loss_std,train_acc_mean,train_acc_std,val_loss_mean,val_loss_std,val_acc_mean,val_acc_std
1,1,2.0262394041347505,0.0,0.51926,0.0,2.7298516960144044,0.0,0.6076,0.0
2,1,0.3926201296901703,0.0,0.88404,0.0,2.8221900691986086,0.0,0.6297,0.0
3,1,0.308065714302063,0.0,0.91196,0.0,2.831815231323242,0.0,0.6361,0.0
4,1,0.28706529661178587,0.0,0.91706,0.0,2.809752961349487,0.0,0.6382,0.0
5,1,0.26757091819763185,0.0,0.92286,0.0,2.810942108154297,0.0,0.6449,0.0
6,1,0.251144654302597,0.0,0.92804,0.0,2.774844826889038,0.0,0.6484,0.0
7,1,0.24800358810424805,0.0,0.93062,0.0,2.816599201583862,0.0,0.646,0.0
8,1,0.23289202803611755,0.0,0.93346,0.0,2.8043957370758057,0.0,0.647,0.0
9,1,0.2265442669391632,0.0,0.9357,0.0,2.7357902008056643,0.0,0.6486,0.0
10,1,0.22497457296848297,0.0,0.93598,0.0,2.8159435562133788,0.0,0.6486,0.0
11,1,0.22057608047485353,0.0,0.93816,0.0,2.821308952331543,0.0,0.6515,0.0
12,1,0.21879710225105287,0.0,0.93724,0.0,2.89143341217041,0.0,0.6494,0.0
13,1,0.21657500802993773,0.0,0.93798,0.0,2.7369635833740236,0.0,0.6495,0.0
14,1,0.21159406867980957,0.0,0.93984,0.0,2.7807530002593994,0.0,0.6526,0.0
15,1,0.20592366611003876,0.0,0.94148,0.0,2.8421736530303954,0.0,0.6508,0.0
16,1,0.21113097825050353,0.0,0.94042,0.0,2.7357439739227294,0.0,0.652,0.0
17,1,0.20093117248535156,0.0,0.94208,0.0,2.797791653442383,0.0,0.6574,0.0
18,1,0.20130597167015077,0.0,0.9424,0.0,2.7890308219909667,0.0,0.6538,0.0
19,1,0.20054021676778794,0.0,0.9433,0.0,2.7756852993011476,0.0,0.6548,0.0
20,1,0.21251879701137544,0.0,0.94106,0.0,2.692939486694336,0.0,0.6529,0.0
21,1,0.19628514832973482,0.0,0.94246,0.0,2.803985134887695,0.0,0.6558,0.0
22,1,0.19503766412258147,0.0,0.94506,0.0,2.7791126541137694,0.0,0.6535,0.0
23,1,0.1947394385433197,0.0,0.94612,0.0,2.808765191268921,0.0,0.6559,0.0
24,1,0.19548538591861725,0.0,0.94508,0.0,2.764379739379883,0.0,0.657,0.0
25,1,0.19708175126075744,0.0,0.94442,0.0,2.7128294994354247,0.0,0.6533,0.0
26,1,0.19628362013816833,0.0,0.9442,0.0,2.7451277576446533,0.0,0.6564,0.0
27,1,0.19083379123210906,0.0,0.9461,0.0,2.821925407409668,0.0,0.6561,0.0
28,1,0.1926244552230835,0.0,0.94546,0.0,2.7113646057128906,0.0,0.6542,0.0
29,1,0.19078335834026336,0.0,0.9462,0.0,2.820252416610718,0.0,0.6571,0.0
30,1,0.1918236651802063,0.0,0.94636,0.0,2.7184976718902587,0.0,0.6585,0.0
31,1,0.1850601438999176,0.0,0.94754,0.0,2.760444713973999,0.0,0.656,0.0
32,1,0.18105354273796082,0.0,0.94764,0.0,2.748133931732178,0.0,0.656,0.0
33,1,0.18663233916044236,0.0,0.94662,0.0,2.7158266204833983,0.0,0.6558,0.0
34,1,0.1866772488117218,0.0,0.94692,0.0,2.696290845489502,0.0,0.655,0.0
35,1,0.18784606435775758,0.0,0.94692,0.0,2.7296506874084474,0.0,0.6574,0.0
36,1,0.18192280465602875,0.0,0.9489,0.0,2.653353526687622,0.0,0.6558,0.0
37,1,0.18325614722251893,0.0,0.94828,0.0,2.7316246593475344,0.0,0.6554,0.0
38,1,0.18663106351852418,0.0,0.94708,0.0,2.7228136394500733,0.0,0.6594,0.0
39,1,0.17981035140514373,0.0,0.94886,0.0,2.7396609619140624,0.0,0.6572,0.0
40,1,0.178358603143692,0.0,0.9488,0.0,2.798779525756836,0.0,0.6562,0.0
41,1,0.17429676374912262,0.0,0.95052,0.0,2.730900430679321,0.0,0.66,0.0
42,1,0.16756479697346688,0.0,0.95186,0.0,2.660723453903198,0.0,0.659,0.0
43,1,0.16843182581424712,0.0,0.95186,0.0,2.6716408279418946,0.0,0.659,0.0
44,1,0.16991453597784043,0.0,0.95238,0.0,2.7293253799438477,0.0,0.6594,0.0
45,1,0.17698452934265138,0.0,0.94898,0.0,2.7146037773132323,0.0,0.6597,0.0
46,1,0.1711501462984085,0.0,0.95178,0.0,2.7356182834625242,0.0,0.6606,0.0
47,1,0.16804228226184845,0.0,0.95294,0.0,2.7381889404296875,0.0,0.6597,0.0
48,1,0.1705842410802841,0.0,0.95168,0.0,2.690442873764038,0.0,0.6584,0.0
49,1,0.1702315842628479,0.0,0.95248,0.0,2.6602760440826416,0.0,0.6584,0.0
50,1,0.16650174006462098,0.0,0.95348,0.0,2.774447883605957,0.0,0.6595,0.0
51,1,0.170506322081089,0.0,0.95138,0.0,2.747413737869263,0.0,0.6578,0.0
52,1,0.1670980647611618,0.0,0.95258,0.0,2.748631332015991,0.0,0.66,0.0
53,1,0.16737684917926787,0.0,0.95212,0.0,2.6336645027160643,0.0,0.6568,0.0
54,1,0.15881521614551544,0.0,0.9546,0.0,2.734628817367554,0.0,0.6552,0.0
55,1,0.16731902923822403,0.0,0.95208,0.0,2.7692877635955813,0.0,0.6575,0.0
56,1,0.16934824404239654,0.0,0.95148,0.0,2.700392120742798,0.0,0.6643,0.0
57,1,0.16239010375499727,0.0,0.95262,0.0,2.7472559478759764,0.0,0.6616,0.0
58,1,0.166866683177948,0.0,0.95214,0.0,2.751807270050049,0.0,0.6588,0.0
59,1,0.16848642961025237,0.0,0.95288,0.0,2.784518253326416,0.0,0.6613,0.0
60,1,0.1622435434293747,0.0,0.95358,0.0,2.7646827812194825,0.0,0.6609,0.0
61,1,0.1639548635840416,0.0,0.95268,0.0,2.6855247360229493,0.0,0.6593,0.0
62,1,0.16077464027047159,0.0,0.95352,0.0,2.706288924407959,0.0,0.6578,0.0
63,1,0.1685450061893463,0.0,0.95222,0.0,2.690146806335449,0.0,0.6607,0.0
64,1,0.16992272116661072,0.0,0.95224,0.0,2.7653570896148683,0.0,0.659,0.0
65,1,0.16718134580612182,0.0,0.95232,0.0,2.68711930809021,0.0,0.6588,0.0
66,1,0.16260249784946443,0.0,0.95274,0.0,2.8280779930114748,0.0,0.6608,0.0
67,1,0.167688435254097,0.0,0.95244,0.0,2.7625852142333986,0.0,0.6607,0.0
68,1,0.16511283742904664,0.0,0.95258,0.0,2.7074714706420897,0.0,0.6605,0.0
69,1,0.16461586602687836,0.0,0.95282,0.0,2.7065197555541993,0.0,0.6587,0.0
70,1,0.16456582391738891,0.0,0.95316,0.0,2.7180718410491944,0.0,0.6592,0.0
71,1,0.1644057179069519,0.0,0.95318,0.0,2.747051834487915,0.0,0.6602,0.0
72,1,0.1620277950811386,0.0,0.9537,0.0,2.7057369842529297,0.0,0.658,0.0
73,1,0.16519499681949615,0.0,0.95414,0.0,2.7005521377563477,0.0,0.6598,0.0
74,1,0.16259252940177918,0.0,0.953,0.0,2.6798321239471434,0.0,0.6577,0.0
75,1,0.1599872628235817,0.0,0.95454,0.0,2.774618285369873,0.0,0.6602,0.0
76,1,0.16239305079460145,0.0,0.95318,0.0,2.7411409633636477,0.0,0.6593,0.0
77,1,0.16343294149398804,0.0,0.9528,0.0,2.694023477935791,0.0,0.6584,0.0
78,1,0.16469685130119324,0.0,0.95362,0.0,2.737795156097412,0.0,0.6611,0.0
79,1,0.1679871512913704,0.0,0.95196,0.0,2.7024543659210205,0.0,0.6581,0.0
80,1,0.16308836928606033,0.0,0.95408,0.0,2.663148631668091,0.0,0.6609,0.0
81,1,0.1614124728989601,0.0,0.95394,0.0,2.863410816574097,0.0,0.6609,0.0
82,1,0.15958873888492583,0.0,0.95518,0.0,2.7384283390045168,0.0,0.6588,0.0
83,1,0.15871535975456239,0.0,0.95438,0.0,2.6819740520477295,0.0,0.6628,0.0
84,1,0.1599273786640167,0.0,0.95374,0.0,2.6998640617370606,0.0,0.661,0.0
85,1,0.1612319086933136,0.0,0.9542,0.0,2.66393469581604,0.0,0.6587,0.0
86,1,0.16137472014427184,0.0,0.95438,0.0,2.7661229808807373,0.0,0.6635,0.0
87,1,0.16151925538539885,0.0,0.95368,0.0,2.6784333614349367,0.0,0.6596,0.0
88,1,0.15927326055049895,0.0,0.95446,0.0,2.74471431350708,0.0,0.6618,0.0
89,1,0.1623573165178299,0.0,0.95354,0.0,2.74292639541626,0.0,0.6614,0.0
90,1,0.1603917929458618,0.0,0.95412,0.0,2.8065405239105226,0.0,0.6641,0.0
91,1,0.15781328094482422,0.0,0.9545,0.0,2.7373389255523684,0.0,0.6592,0.0
92,1,0.1630703845500946,0.0,0.95366,0.0,2.7062968322753904,0.0,0.6629,0.0
93,1,0.15727698528289796,0.0,0.9546,0.0,2.818587921142578,0.0,0.6604,0.0
94,1,0.1637166141796112,0.0,0.95436,0.0,2.6165518184661867,0.0,0.6586,0.0
95,1,0.16044249921798706,0.0,0.95418,0.0,2.7625658012390137,0.0,0.6585,0.0
96,1,0.15949794462680816,0.0,0.95516,0.0,2.77422421875,0.0,0.6613,0.0
97,1,0.16233638199329375,0.0,0.9525,0.0,2.6784241981506347,0.0,0.6593,0.0
98,1,0.15670951707839967,0.0,0.95528,0.0,2.8100052085876466,0.0,0.6607,0.0
99,1,0.15836455991268159,0.0,0.95444,0.0,2.7664019012451173,0.0,0.6628,0.0
100,1,0.16422677195072174,0.0,0.95408,0.0,2.6954830032348633,0.0,0.6587,0.0
101,1,0.1561655356311798,0.0,0.95514,0.0,2.7385935646057127,0.0,0.6613,0.0
102,1,0.16058173088550567,0.0,0.95514,0.0,2.7418203479766845,0.0,0.6611,0.0
103,1,0.16077770718097686,0.0,0.95444,0.0,2.706575545120239,0.0,0.6607,0.0
104,1,0.15511613811373712,0.0,0.95598,0.0,2.7086027256011964,0.0,0.6626,0.0
105,1,0.15826107667446138,0.0,0.95442,0.0,2.6700821643829347,0.0,0.662,0.0
106,1,0.1592290636920929,0.0,0.95494,0.0,2.6553549209594727,0.0,0.6606,0.0
107,1,0.15443279808044433,0.0,0.9563,0.0,2.7359034122467043,0.0,0.6613,0.0
108,1,0.1583578090953827,0.0,0.9544,0.0,2.705657666015625,0.0,0.66,0.0
109,1,0.16020826028823854,0.0,0.95446,0.0,2.6820765060424803,0.0,0.6596,0.0
110,1,0.16131258360385894,0.0,0.95408,0.0,2.693970277404785,0.0,0.6595,0.0
111,1,0.15585410343170167,0.0,0.95566,0.0,2.665686323547363,0.0,0.6599,0.0
112,1,0.15501743756055833,0.0,0.9557,0.0,2.7122411808013918,0.0,0.6577,0.0
113,1,0.15921235763549804,0.0,0.95388,0.0,2.7573284370422364,0.0,0.6605,0.0
114,1,0.16314386643886566,0.0,0.95386,0.0,2.667362348175049,0.0,0.6599,0.0
115,1,0.1626556465935707,0.0,0.95348,0.0,2.635548947906494,0.0,0.661,0.0
116,1,0.1603598837041855,0.0,0.9539,0.0,2.7867313541412355,0.0,0.6631,0.0
117,1,0.15655583251476288,0.0,0.955,0.0,2.7437516914367674,0.0,0.6605,0.0
118,1,0.1610643974494934,0.0,0.95362,0.0,2.739576312637329,0.0,0.6619,0.0
119,1,0.157484381980896,0.0,0.95544,0.0,2.6895100830078125,0.0,0.6611,0.0
120,1,0.16037414717078208,0.0,0.9541,0.0,2.7399045280456544,0.0,0.6613,0.0
121,1,0.15420820887565612,0.0,0.95716,0.0,2.646003678894043,0.0,0.66,0.0
122,1,0.15933463080406188,0.0,0.95466,0.0,2.7255666412353516,0.0,0.6602,0.0
123,1,0.15975647033214568,0.0,0.95398,0.0,2.7901570167541503,0.0,0.6624,0.0
124,1,0.1570242415714264,0.0,0.95392,0.0,2.6815047039031983,0.0,0.6612,0.0
125,1,0.1563448343360424,0.0,0.95512,0.0,2.7976291622161864,0.0,0.6599,0.0
126,1,0.15082059700012207,0.0,0.957,0.0,2.6861809982299807,0.0,0.6575,0.0
127,1,0.1552763027381897,0.0,0.95562,0.0,2.7767180770874025,0.0,0.6598,0.0
128,1,0.1586305143880844,0.0,0.95444,0.0,2.776615434265137,0.0,0.6597,0.0
129,1,0.15498845129966735,0.0,0.95568,0.0,2.702131344985962,0.0,0.659,0.0
130,1,0.15627852125167846,0.0,0.95536,0.0,2.6791004024505614,0.0,0.6611,0.0
131,1,0.1555210497570038,0.0,0.95548,0.0,2.7590091583251954,0.0,0.6627,0.0
132,1,0.15434473252534867,0.0,0.95574,0.0,2.733621360015869,0.0,0.6641,0.0
133,1,0.15644443482875825,0.0,0.95516,0.0,2.6812650367736817,0.0,0.6621,0.0
134,1,0.15811828817367554,0.0,0.95482,0.0,2.788673757171631,0.0,0.6635,0.0
135,1,0.1548084152841568,0.0,0.95602,0.0,2.770330166244507,0.0,0.6618,0.0
136,1,0.15422761550426484,0.0,0.95536,0.0,2.6816129413604735,0.0,0.6607,0.0
137,1,0.1584844418501854,0.0,0.955,0.0,2.6479996711730958,0.0,0.6592,0.0
138,1,0.15628061381340028,0.0,0.95592,0.0,2.7447426887512205,0.0,0.66,0.0
139,1,0.16072476895809173,0.0,0.95294,0.0,2.659388854598999,0.0,0.6604,0.0
140,1,0.15624307564735412,0.0,0.95626,0.0,2.7082611263275145,0.0,0.6623,0.0
141,1,0.15664274313926696,0.0,0.956,0.0,2.65544129486084,0.0,0.6593,0.0
142,1,0.1575279409790039,0.0,0.95442,0.0,2.7418136852264405,0.0,0.6622,0.0
143,1,0.15485558725833892,0.0,0.95616,0.0,2.7390752822875974,0.0,0.6622,0.0
144,1,0.15767111879110338,0.0,0.95556,0.0,2.738601809692383,0.0,0.6609,0.0
145,1,0.1567451812171936,0.0,0.95488,0.0,2.7219244239807128,0.0,0.6602,0.0
146,1,0.15442384632587433,0.0,0.95632,0.0,2.7903449069976807,0.0,0.6641,0.0
147,1,0.15654744527339937,0.0,0.95546,0.0,2.705509471130371,0.0,0.6621,0.0
148,1,0.15673388509750366,0.0,0.95504,0.0,2.734281045913696,0.0,0.6592,0.0
149,1,0.14944537662506102,0.0,0.95738,0.0,2.71073738861084,0.0,0.6594,0.0
150,1,0.1543300125312805,0.0,0.95636,0.0,2.6627996887207033,0.0,0.661,0.0
151,1,0.1606428949737549,0.0,0.95456,0.0,2.657127040863037,0.0,0.6616,0.0
152,1,0.15897536511898042,0.0,0.95412,0.0,2.7340756050109865,0.0,0.6612,0.0
153,1,0.15423494336128235,0.0,0.9562,0.0,2.7651671314239503,0.0,0.6616,0.0
154,1,0.15547168104410172,0.0,0.95452,0.0,2.745836245727539,0.0,0.663,0.0
155,1,0.15645268173217775,0.0,0.95528,0.0,2.7576434307098387,0.0,0.6628,0.0
156,1,0.15744723220825196,0.0,0.95598,0.0,2.7653621868133547,0.0,0.6617,0.0
157,1,0.1557415619277954,0.0,0.95392,0.0,2.7574739082336426,0.0,0.6619,0.0
158,1,0.15853665282726287,0.0,0.95604,0.0,2.81774489402771,0.0,0.662,0.0
159,1,0.1582847273206711,0.0,0.95394,0.0,2.646167417907715,0.0,0.6606,0.0
160,1,0.15522630766868592,0.0,0.95496,0.0,2.8168312938690185,0.0,0.6619,0.0
