epoch,train_loss,train_acc,val_loss,val_acc
1,4.229116492614746,0.04644,5.751566410827636,0.0286
2,3.5880101299667357,0.10498,3.4415420177459715,0.1363
3,3.1617967770004274,0.16682,2.8566873224258424,0.2424
4,2.819941868247986,0.23578,2.489246882247925,0.3084
5,3.489153991394043,0.1411,3.8047919189453125,0.1202
6,2.7882311275863647,0.23688,2.9363065719604493,0.2487
7,2.5692063132476806,0.28574,3.2067339262008665,0.2378
8,2.387775606765747,0.3282,2.2654453638076784,0.3728
9,2.2112974325561523,0.37228,2.5636450912475586,0.3292
10,2.0721209474372864,0.4074,2.047650145435333,0.429
11,1.9577449850273132,0.44042,2.328535627937317,0.4283
12,1.8614155979537963,0.46382,1.9675399331092835,0.4665
13,1.766694705848694,0.48948,2.021441860961914,0.4627
14,1.6850905389785766,0.51308,2.0349826080322266,0.4734
15,1.6161499256324767,0.53378,1.8847156493186952,0.4976
16,1.541633337650299,0.55286,1.887690412902832,0.5403
17,1.5312227506446838,0.55664,1.761892041015625,0.5307
18,1.4316184482192993,0.58422,1.9423806490898132,0.5224
19,1.382125556526184,0.5958,1.7183811497688293,0.5445
20,1.3219562762260437,0.6145,1.7414459438323975,0.5429
21,1.2785584884262085,0.62698,1.8146919739723206,0.5397
22,1.2289254605674744,0.64034,1.7057344717025757,0.5708
23,1.1909104004669189,0.64992,1.7938665742874145,0.5691
24,1.1543505939483643,0.66368,1.7861103350639342,0.5606
25,1.1089162475585939,0.67574,1.6457202189445495,0.5828
26,1.0771640604400634,0.68294,1.666267384815216,0.5911
27,1.0515671171379088,0.69044,1.6948234786987304,0.5917
28,1.0097178421211244,0.69992,1.6624472122192382,0.5935
29,0.9760558246803284,0.7123,1.6410627613067628,0.5955
30,0.9409084006881714,0.72324,1.6955972239494324,0.6057
31,0.9133852027797699,0.7316,1.6421232882499694,0.6001
32,0.8838401582717895,0.7377,1.6723433361053466,0.5992
33,0.8628462663078308,0.7453,1.7142812247276307,0.6035
34,0.8460934819984436,0.74884,1.6743330284118652,0.6062
35,0.8202268203258515,0.75906,1.6869168299674988,0.6117
36,0.8055062590122223,0.76266,1.6399205503463745,0.6164
37,0.7552399931430817,0.77622,1.6409069308280946,0.6224
38,0.7575540838050843,0.77864,1.6679070837020875,0.6189
39,0.7387761989402771,0.78032,1.6461814688682557,0.6241
40,0.7292689941596985,0.78512,1.6741788249015808,0.6211
41,0.5024521821856499,0.84888,1.4606127606391908,0.6659
42,0.4340984222316742,0.87034,1.4619811491012573,0.6684
43,0.4089352746582031,0.87782,1.4580023522377015,0.6725
44,0.39369707084655764,0.88066,1.462514614868164,0.6722
45,0.3747577739667892,0.88832,1.4877269858360291,0.6731
46,0.3636636884403229,0.89016,1.4885996779441832,0.6703
47,0.3517486444067955,0.89428,1.4996116007804872,0.6713
48,0.34591421370506287,0.89576,1.5229739866256713,0.6689
49,0.33755534726142883,0.89692,1.530001468849182,0.6733
50,0.3273699869155884,0.9023,1.5210510301589966,0.6739
51,0.3218155420207977,0.90212,1.5365484064102173,0.6744
52,0.3150251168298721,0.90574,1.5495264974594116,0.6714
53,0.3090450199842453,0.90644,1.5647711537361144,0.6732
54,0.2988130441689491,0.90922,1.5771459645271302,0.6728
55,0.2940446252727509,0.91198,1.5804285437583923,0.672
56,0.28489533510684967,0.91524,1.5992179990768434,0.6676
57,0.2794067252850532,0.91596,1.5907039850234985,0.672
58,0.27415626799106596,0.91762,1.6065821667671203,0.6747
59,0.27062763168334963,0.918,1.6162768168449402,0.6685
60,0.26296821552991867,0.92106,1.6277540543556213,0.6725
61,0.2550012024974823,0.92352,1.6436166475296021,0.6686
62,0.2511027689552307,0.9231,1.6451593905448914,0.6725
63,0.24542241024136544,0.9273,1.6519414734840394,0.672
64,0.2453240484905243,0.92656,1.6694777438163757,0.6683
65,0.23745346326351166,0.92824,1.6751223922729492,0.6695
66,0.23530700705051422,0.92848,1.6900289484977722,0.6667
67,0.23083852613210679,0.92948,1.6881553463935852,0.6702
68,0.22908213457345963,0.9304,1.686082885169983,0.6691
69,0.2182441787815094,0.93454,1.683815828037262,0.6726
70,0.21709457182884218,0.93376,1.703208213710785,0.6701
71,0.20751086574077607,0.93664,1.7187625439643859,0.6705
72,0.2083964242386818,0.93596,1.7124714507102967,0.6717
73,0.2036707623910904,0.93794,1.727258187866211,0.6719
74,0.2006912911272049,0.93852,1.7372480750083923,0.6726
75,0.1980691830945015,0.941,1.7490212946891786,0.6724
76,0.19791103105545044,0.94054,1.7659155651092528,0.6695
77,0.18849223500728607,0.94332,1.763141420841217,0.6692
78,0.18820042797088624,0.94366,1.7720245273590087,0.6687
79,0.183407776004076,0.94568,1.7839586790084838,0.6692
80,0.18438334753513336,0.94518,1.788389394760132,0.6721
81,0.16749445043325425,0.95076,1.7779914985656737,0.6727
82,0.16585240711927413,0.94964,1.765256017780304,0.6746
83,0.16332494802236558,0.95094,1.7839123641014099,0.6727
84,0.16193779450893403,0.95246,1.7714899483680726,0.6725
85,0.16157328187942505,0.95224,1.7823825893402099,0.6726
86,0.1609227861356735,0.95168,1.7763214844703674,0.6715
87,0.16125542071580887,0.95216,1.7797021834373474,0.6731
88,0.1612520996773243,0.95168,1.784969658946991,0.6718
89,0.15648191200733186,0.9541,1.7902905437469483,0.6726
90,0.15565060736894606,0.95426,1.7883066234588623,0.6723
91,0.1565351350951195,0.9541,1.7829719297409057,0.6739
92,0.15850172404050827,0.95256,1.7832499453544617,0.6729
93,0.15754058233618737,0.95434,1.7889276610374452,0.6727
94,0.15780789174079896,0.95398,1.7792305312156678,0.6735
95,0.1544839830827713,0.95374,1.7800255405426026,0.6739
96,0.15692117858052254,0.9532,1.7907807789802552,0.6728
97,0.15231452669382095,0.95478,1.7844106248855591,0.6743
98,0.1564142376947403,0.95292,1.794030931854248,0.6738
99,0.15095135618686675,0.95606,1.7953490149497986,0.6725
100,0.15538490046024322,0.95484,1.79297787733078,0.6723
101,0.15082878244161607,0.95638,1.8025676108360291,0.6714
102,0.15171145116329193,0.95636,1.7962610127449035,0.6725
103,0.15503645961284637,0.95364,1.8053307195663453,0.6708
104,0.14942201349496842,0.95614,1.7966462741851807,0.673
105,0.1527852815914154,0.95442,1.807797920703888,0.6726
106,0.15294506812095643,0.9543,1.7961466653823852,0.6717
107,0.15105569781780243,0.95622,1.7971997413635254,0.674
108,0.15181380152225493,0.95516,1.8017164742469787,0.6721
109,0.15112720926761627,0.95648,1.797973754119873,0.6723
110,0.1470626354765892,0.95692,1.8054687129974365,0.673
111,0.14826459759712218,0.95656,1.8087952432632446,0.6721
112,0.14941227032899856,0.95482,1.8053021501541138,0.6716
113,0.14888630447626114,0.95624,1.8068814058303833,0.6745
114,0.1499545598936081,0.95666,1.8103751315116883,0.6728
115,0.14976404710769653,0.95588,1.8063455591201782,0.6716
116,0.14640906430482864,0.95798,1.8062319056510925,0.6704
117,0.14615792900562286,0.95812,1.7995643674850463,0.6713
118,0.144670879509449,0.9581,1.8040422474861144,0.6723
119,0.15136835324048997,0.95532,1.8139341855049134,0.6717
120,0.14484707855701445,0.9574,1.813347071647644,0.6718
121,0.14442776316165923,0.95726,1.820612125492096,0.6728
122,0.14344001164674758,0.95806,1.8176130101203918,0.6728
123,0.142276270737648,0.95836,1.8066414527893067,0.6722
124,0.14320331226468086,0.95758,1.8120370780944823,0.6725
125,0.14293786303043365,0.95756,1.7990545028686524,0.6726
126,0.1444024309182167,0.95798,1.8144370915412902,0.6734
127,0.1445985800457001,0.95702,1.8182209394454956,0.6716
128,0.14516822890400888,0.95794,1.8145026965141295,0.6713
129,0.14633650844573975,0.9578,1.8057162941932678,0.6718
130,0.14221974129199982,0.9585,1.8192333803176879,0.6722
131,0.1437670422768593,0.95746,1.8086457427978515,0.6732
132,0.14071494423389436,0.95864,1.8135032908439637,0.672
133,0.14336370126366615,0.958,1.8079873470306396,0.6733
134,0.14603017001390456,0.95846,1.8075131634712218,0.674
135,0.14214595426023005,0.9576,1.8189753524780274,0.6727
136,0.14377197846651077,0.95782,1.8203997006416321,0.6739
137,0.14432693335056304,0.9572,1.817000311756134,0.6713
138,0.14220887538433075,0.95844,1.8087159170150757,0.6742
139,0.14631346524477004,0.9566,1.8221472652435302,0.6713
140,0.1428220608472824,0.95844,1.8005948843955994,0.6729
141,0.14328652153015137,0.95908,1.8125132707595826,0.6739
142,0.1439372840499878,0.95842,1.8163874470710755,0.6705
143,0.14438903316497803,0.95844,1.814927855873108,0.6734
144,0.14234753022670746,0.95812,1.8124743494033813,0.6737
145,0.14346793725967408,0.95868,1.8107505949020386,0.6717
146,0.14683275383234023,0.95596,1.8133192186355591,0.6739
147,0.14218317692279817,0.95854,1.8142297054290772,0.673
148,0.14290202726244927,0.95788,1.8248532784461975,0.672
149,0.14179169904112815,0.95844,1.8151335814476013,0.6727
150,0.14244829029917716,0.95868,1.8178607522964478,0.6709
151,0.1411361113524437,0.9585,1.8107943496704102,0.6738
152,0.14366521821022032,0.9585,1.8146904159545898,0.6736
153,0.14060822676420212,0.95876,1.8120822505950929,0.6718
154,0.14325825361251832,0.95792,1.8153578006744384,0.6735
155,0.14211209126830102,0.95794,1.8126694749832153,0.6733
156,0.14388099548101424,0.95742,1.8183877277374267,0.6729
157,0.141506542096138,0.95812,1.8109675217628478,0.6733
158,0.1430569872033596,0.95828,1.815809280204773,0.6748
159,0.14427623315691948,0.9574,1.805678057384491,0.6724
160,0.1407208175802231,0.959,1.8177033062934875,0.6722
